VARType,Region,UBR Level 8 Name,UBR Level 9 Name,Portfolio Name,Trader Book Name,Curr1DVaR,Prev1DVAR,Diff1DVARPct,Curr10DVaR,Prev10DVAR,Diff10DVARPct,Curr1DSVaR,Prev1DSVAR,Diff1DSVARPct
TOTAL,Japan,Europe Core Rates,Europe Non Linear,ECR Portfolio 01,ECR Book 01,1020000,1010000,0.990099,3060000,3030000,0.990099,4080000,4040000,0.990099
TOTAL,Japan,Europe Core Rates,Europe Linear Flow,ECR Portfolio 02,ECR Book 02,1030000,1020000,0.980392,3090000,3060000,0.980392,4120000,4080000,0.980392
TOTAL,Japan,Europe Core Rates,Europe Linear Flow,ECR Portfolio 06,ECR Book 06,1070000,1060000,0.943396,3210000,3180000,0.943396,4280000,4240000,0.943396
TOTAL,Japan,Europe Core Rates,Europe Non Linear,ECR Portfolio 07,ECR Book 07,1080000,1070000,0.934579,3240000,3210000,0.934579,4320000,4280000,0.934579
TOTAL,Japan,Europe Core Rates,Europe Linear Flow,ECR Portfolio 08,ECR Book 08,1090000,1080000,0.925926,3270000,3240000,0.925926,4360000,4320000,0.925926
TOTAL,Japan,Europe Core Rates,Europe Non Linear,ECR Portfolio 09,ECR Book 09,1100000,1090000,0.917431,3300000,3270000,0.917431,4400000,4360000,0.917431
TOTAL,Japan,Europe Core Rates,Europe Linear Flow,ECR Portfolio 10,ECR Book 10,1110000,1100000,0.909091,3330000,3300000,0.909091,4440000,4400000,0.909091
TOTAL,Japan,Europe Core Rates,Europe Non Linear,ECR Portfolio 11,ECR Book 11,1120000,1110000,0.900901,3360000,3330000,0.900901,4480000,4440000,0.900901
